<?xml version="1.0" ?>
<examen>
  <pregunta id="1">
    <soluciones_elegidas>
      <solucion>
        <texto>0</texto>
      </solucion>
    </soluciones_elegidas>
  </pregunta>
  <pregunta id="2">
    <soluciones_elegidas>
      <solucion>
        <texto>0</texto>
      </solucion>
      <solucion>
        <texto>1</texto>
      </solucion>
    </soluciones_elegidas>
  </pregunta>
  <pregunta id="3">
    <soluciones_elegidas>
      <solucion>
        <texto>0</texto>
      </solucion>
      <solucion>
        <texto>2</texto>
      </solucion>
    </soluciones_elegidas>
  </pregunta>
</examen>
